[

    {
        "titulo": "Hospital",
        "descricao": "Hospital Santo André - Leiria",
        "img": "1.png",
        "latitude": 39.744806,
        "longitude": -8.811585
    },
    {
        "titulo": "Hospital",
        "descricao": "Hospital São Francisco - Leira",
        "img": "1.png",
        "latitude": 39.748917,
        "longitude": -8.815738
    },
    {
        "titulo": "Hospital",
        "descricao": "Hospital da Luz - Lisboa",
        "img": "1.png",
        "latitude": 38.756464,
        "longitude": -9.192985
    },
    {
        "titulo": "GNR",
        "descricao": "Comando Territorial - Leiria",
        "img": "1.png",
        "latitude": 39.744811,
        "longitude": -8.811787
    },
    {
        "titulo": "PSP",
        "descricao": "Divisão Policial - Leiria",
        "img": "1.png",
        "latitude": 39.747022,
        "longitude": -8.807183
    },
    {
        "titulo": "Base Militar",
        "descricao": "Regimento de Artilharia Nº4 - Leiria",
        "img": "1.png",
        "latitude": 39.726415,
        "longitude": -8.806399
    },
    {
        "titulo": "Base Força Aéria",
        "descricao": "Base Aéria 5 - Monte Real",
        "img": "1.png",
        "latitude": 39.833151,
        "longitude": -8.881528
    },
    {
        "titulo": "CCEMS",
        "descricao": "Centro de Competências Entre Mar e Serra - Telheiro",
        "img": "1.png",
        "latitude": 39.721007,
        "longitude": -8.804615
    }
]